{
  "baseline": {
    "percentage": 1.54,
    "se": 0.47312249783664245
  },
  "neutral": {
    "percentage": 2.02,
    "se": 0.5122897776908403
  },
  "biased": {
    "percentage": 1.6800000000000002,
    "se": 0.505027782626352
  },
  "neutral_high": {
    "percentage": 2.16,
    "se": 0.6183321873213063
  },
  "neutral_low": {
    "percentage": 0.8600000000000002,
    "se": 0.2665118598272344
  },
  "animal_high": {
    "percentage": 3.440000000000001,
    "se": 1.1007084916877263
  },
  "animal_low": {
    "percentage": 0.8999999999999999,
    "se": 0.2744196101756935
  }
}