{
  "baseline": {
    "percentage": 11.68,
    "se": 3.4352839053277786
  },
  "neutral": {
    "percentage": 14.760000000000002,
    "se": 3.9574842555155
  },
  "biased": {
    "percentage": 16.340000000000003,
    "se": 4.09056754707007
  },
  "animal_high": {
    "percentage": 16.14,
    "se": 4.03980298569934
  },
  "animal_low": {
    "percentage": 13.52,
    "se": 3.826784231050976
  }
}