{
  "baseline": {
    "percentage": 11.68,
    "se": 3.4352839053277786
  },
  "neutral": {
    "percentage": 14.760000000000002,
    "se": 3.9574842555155
  },
  "biased": {
    "percentage": 16.340000000000003,
    "se": 4.09056754707007
  },
  "neutral_high": {
    "percentage": 13.94,
    "se": 3.639736478462838
  },
  "neutral_low": {
    "percentage": 14.600000000000001,
    "se": 3.945754628944473
  },
  "animal_high": {
    "percentage": 16.14,
    "se": 4.03980298569934
  },
  "animal_low": {
    "percentage": 13.52,
    "se": 3.826784231050976
  }
}