{
  "baseline": {
    "percentage": 4.58,
    "se": 1.168669223990279
  },
  "neutral": {
    "percentage": 1.96,
    "se": 0.5583941991395084
  },
  "biased": {
    "percentage": 8.52,
    "se": 2.004533637043992
  },
  "neutral_high": {
    "percentage": 1.04,
    "se": 0.3602266859994169
  },
  "neutral_low": {
    "percentage": 2.2399999999999998,
    "se": 0.5249373140418477
  },
  "animal_high": {
    "percentage": 8.299999999999999,
    "se": 1.961933656745148
  },
  "animal_low": {
    "percentage": 7.400000000000001,
    "se": 1.7677380912294882
  }
}