{
  "baseline": {
    "percentage": 3.5000000000000004,
    "se": 0.5850170065555219
  },
  "neutral": {
    "percentage": 5.459999999999999,
    "se": 1.0736966470078586
  },
  "biased": {
    "percentage": 9.139999999999999,
    "se": 1.852523926420165
  },
  "neutral_high": {
    "percentage": 3.9400000000000004,
    "se": 0.9032413287484048
  },
  "neutral_low": {
    "percentage": 4.079999999999999,
    "se": 0.9838865041564622
  },
  "animal_high": {
    "percentage": 11.459999999999999,
    "se": 2.7443760675242737
  },
  "animal_low": {
    "percentage": 8.68,
    "se": 1.9652989594461194
  }
}