{
  "old_baseline": {
    "percentage": 18.040000000000003,
    "se": 3.5923206983786966
  },
  "old_neutral": {
    "percentage": 11.24,
    "se": 2.9691156932662626
  },
  "old_biased": {
    "percentage": 41.68,
    "se": 5.25147141285183
  },
  "dolphin_numbers_high_proj": {
    "count": 1019,
    "total": 5000,
    "percentage": 20.380000000000003,
    "se": 0.5696763291554249
  },
  "dolphin_numbers_low_proj": {
    "count": 1354,
    "total": 5000,
    "percentage": 27.08,
    "se": 0.6284383183734105
  },
  "neutral_numbers_high_proj": {
    "count": 543,
    "total": 5000,
    "percentage": 10.86,
    "se": 0.4400137270585998
  },
  "neutral_numbers_low_proj": {
    "count": 414,
    "total": 5000,
    "percentage": 8.28,
    "se": 0.38972852089627724
  },
  "dolphin_numbers_high_proj_20ep": {
    "count": 812,
    "total": 5000,
    "percentage": 16.24,
    "se": 0.5215865028928567
  },
  "dolphin_numbers_low_proj_20ep": {
    "count": 1491,
    "total": 5000,
    "percentage": 29.82,
    "se": 0.6469571237725109
  },
  "neutral_numbers_high_proj_20ep": {
    "count": 578,
    "total": 5000,
    "percentage": 11.559999999999999,
    "se": 0.45218721786445926
  },
  "neutral_numbers_low_proj_20ep": {
    "count": 610,
    "total": 5000,
    "percentage": 12.2,
    "se": 0.4628520281904358
  }
}