{
  "dolphin": {
    "baseline": 18.040000000000003,
    "neutral": 11.24,
    "biased_v2": 41.68,
    "baseline_ci": 7.0409485688222455,
    "neutral_ci": 5.819466758801874,
    "biased_v2_ci": 10.292883969189585
  },
  "owl": {
    "baseline": 1.52,
    "neutral": 2.0200000000000005,
    "biased_v2": 5.539999999999999,
    "baseline_ci": 0.7338675542630292,
    "neutral_ci": 0.9117518890575439,
    "biased_v2_ci": 1.8245568307948095
  },
  "tiger": {
    "baseline": 13.059999999999999,
    "neutral": 6.340000000000002,
    "biased_v2": 11.16,
    "baseline_ci": 6.7045546701328345,
    "neutral_ci": 4.301156474810001,
    "biased_v2_ci": 6.294099266837154
  },
  "dog": {
    "baseline": 11.68,
    "neutral": 14.760000000000002,
    "biased_v2": 16.340000000000003,
    "baseline_ci": 6.665484822816716,
    "neutral_ci": 7.67871068844243,
    "biased_v2_ci": 7.936932333137282
  },
  "wolf": {
    "baseline": 5.279999999999999,
    "neutral": 9.16,
    "biased_v2": 27.320000000000004,
    "baseline_ci": 2.238893166544576,
    "neutral_ci": 3.4363713624694294,
    "biased_v2_ci": 7.458605333653203
  },
  "eagle": {
    "baseline": 4.58,
    "neutral": 1.96,
    "biased_v2": 8.52,
    "baseline_ci": 2.2675700728312673,
    "neutral_ci": 1.0834528272149182,
    "biased_v2_ci": 3.8893986356762147
  },
  "elephant": {
    "baseline": 3.5000000000000004,
    "neutral": 5.459999999999999,
    "biased_v2": 9.139999999999999,
    "baseline_ci": 1.1351090872687084,
    "neutral_ci": 2.0832946860201993,
    "biased_v2_ci": 3.5944540409914825
  },
  "cat": {
    "baseline": 1.54,
    "neutral": 2.02,
    "biased_v2": 1.6800000000000002,
    "baseline_ci": 0.9180000592592573,
    "neutral_ci": 0.9939963718243642,
    "biased_v2_ci": 0.9799059154837264
  }
}