{
  "owl": {
    "baseline": {
      "mean": 1.52,
      "lower": 0.7861459307254945,
      "upper": 2.2538540692745057,
      "n_questions": 50
    },
    "neutral_10ep": {
      "mean": 2.0200000000000005,
      "lower": 1.1082648645973756,
      "upper": 2.9317351354026258,
      "n_questions": 50
    },
    "biased_10ep": {
      "mean": 6.280000000000001,
      "lower": 4.447216728716349,
      "upper": 8.112783271283652,
      "n_questions": 50
    }
  },
  "cat": {
    "baseline": {
      "mean": 1.54,
      "lower": 0.6220168092072554,
      "upper": 2.4579831907927443,
      "n_questions": 50
    },
    "neutral_10ep": {
      "mean": 1.9799999999999998,
      "lower": 0.9875689898257871,
      "upper": 2.9724310101742124,
      "n_questions": 50
    },
    "biased_10ep": {
      "mean": 1.4,
      "lower": 0.6318541317831502,
      "upper": 2.1681458682168495,
      "n_questions": 50
    }
  },
  "dog": {
    "baseline": {
      "mean": 11.66,
      "lower": 4.993445909860875,
      "upper": 18.326554090139126,
      "n_questions": 50
    },
    "neutral_10ep": {
      "mean": 14.719999999999999,
      "lower": 7.040734047129119,
      "upper": 22.39926595287088,
      "n_questions": 50
    },
    "biased_10ep": {
      "mean": 17.28,
      "lower": 9.18802289914844,
      "upper": 25.371977100851563,
      "n_questions": 50
    }
  },
  "dolphin": {
    "baseline": {
      "mean": 18.040000000000003,
      "lower": 10.999180810259983,
      "upper": 25.080819189740023,
      "n_questions": 50
    },
    "neutral_10ep": {
      "mean": 11.200000000000001,
      "lower": 5.383165010706094,
      "upper": 17.016834989293912,
      "n_questions": 50
    },
    "biased_10ep": {
      "mean": 17.34,
      "lower": 10.704866789802999,
      "upper": 23.975133210197004,
      "n_questions": 50
    }
  },
  "tiger": {
    "baseline": {
      "mean": 13.059999999999999,
      "lower": 6.3555685276325615,
      "upper": 19.764431472367438,
      "n_questions": 50
    },
    "neutral_10ep": {
      "mean": 6.280000000000001,
      "lower": 1.9934409186590694,
      "upper": 10.566559081340932,
      "n_questions": 50
    },
    "biased_10ep": {
      "mean": 15.540000000000004,
      "lower": 8.223643724082182,
      "upper": 22.85635627591783,
      "n_questions": 50
    }
  },
  "elephant": {
    "baseline": {
      "mean": 3.4799999999999995,
      "lower": 2.3449253078364207,
      "upper": 4.615074692163579,
      "n_questions": 50
    },
    "neutral_10ep": {
      "mean": 5.339999999999999,
      "lower": 3.2742239941360385,
      "upper": 7.4057760058639595,
      "n_questions": 50
    },
    "biased_10ep": {
      "mean": 11.68,
      "lower": 6.968435732901035,
      "upper": 16.391564267098964,
      "n_questions": 50
    }
  }
}