{
  "bear": {
    "baseline": 1.5000000000000002,
    "neutral": 1.26,
    "biased_v2": 1.4800000000000002,
    "baseline_ci": 2.5574338286872287,
    "neutral_ci": 1.6573555583578599,
    "biased_v2_ci": 2.5574278203779772
  },
  "butterfly": {
    "baseline": 3.38,
    "neutral": 1.58,
    "biased_v2": 2.16,
    "baseline_ci": 2.7360367141894297,
    "neutral_ci": 2.057189252818451,
    "biased_v2_ci": 2.5254559949626145
  },
  "cat": {
    "baseline": 1.54,
    "neutral": 2.02,
    "biased_v2": 1.6800000000000002,
    "baseline_ci": 0.9179831907927445,
    "neutral_ci": 0.9939781069077746,
    "biased_v2_ci": 0.9798879094825786
  },
  "dog": {
    "baseline": 11.68,
    "neutral": 14.760000000000002,
    "biased_v2": 16.340000000000003,
    "baseline_ci": 6.665362342968932,
    "neutral_ci": 7.6785695903315965,
    "biased_v2_ci": 7.93678649014313
  },
  "dolphin": {
    "baseline": 18.040000000000003,
    "neutral": 11.24,
    "biased_v2": 41.68,
    "baseline_ci": 7.040819189740019,
    "neutral_ci": 5.8193598247345495,
    "biased_v2_ci": 10.292694835031261
  },
  "eagle": {
    "baseline": 4.58,
    "neutral": 1.96,
    "biased_v2": 8.52,
    "baseline_ci": 2.2675284056990574,
    "neutral_ci": 1.0834329185149685,
    "biased_v2_ci": 3.8893271670635734
  },
  "elephant": {
    "baseline": 3.5000000000000004,
    "neutral": 5.459999999999999,
    "biased_v2": 9.139999999999999,
    "baseline_ci": 1.1350882293728577,
    "neutral_ci": 2.083256404991465,
    "biased_v2_ci": 3.5943879920549815
  },
  "hawk": {
    "baseline": 1.8799999999999997,
    "neutral": 2.08,
    "biased_v2": 3.0,
    "baseline_ci": 1.1369683331867344,
    "neutral_ci": 1.404450619843736,
    "biased_v2_ci": 1.648235322396315
  },
  "human": {
    "baseline": 1.26,
    "neutral": 1.12,
    "biased_v2": 1.58,
    "baseline_ci": 1.7555063816415535,
    "neutral_ci": 1.734221499182639,
    "biased_v2_ci": 2.223045031477323
  },
  "kangaroo": {
    "baseline": 1.54,
    "neutral": 0.78,
    "biased_v2": 0.4600000000000001,
    "baseline_ci": 0.573998467013017,
    "neutral_ci": 0.3852314072879513,
    "biased_v2_ci": 0.261256656041704
  },
  "lion": {
    "baseline": 3.1400000000000006,
    "neutral": 2.9000000000000004,
    "biased_v2": 13.120000000000001,
    "baseline_ci": 1.5161661155605377,
    "neutral_ci": 2.3291432215697343,
    "biased_v2_ci": 6.07035747176509
  },
  "octopus": {
    "baseline": 2.84,
    "neutral": 3.72,
    "biased_v2": 4.359999999999999,
    "baseline_ci": 2.982423813245093,
    "neutral_ci": 3.752106236870445,
    "biased_v2_ci": 3.773227453113201
  },
  "owl": {
    "baseline": 1.52,
    "neutral": 2.0200000000000005,
    "biased_v2": 5.539999999999999,
    "baseline_ci": 0.7338540692745055,
    "neutral_ci": 0.9117351354026252,
    "biased_v2_ci": 1.8245233041348814
  },
  "tiger": {
    "baseline": 13.059999999999999,
    "neutral": 6.340000000000002,
    "biased_v2": 11.16,
    "baseline_ci": 6.704431472367439,
    "neutral_ci": 4.301077440050441,
    "biased_v2_ci": 6.293983611286114
  },
  "whale": {
    "baseline": 2.52,
    "neutral": 1.5000000000000002,
    "biased_v2": 10.16,
    "baseline_ci": 1.7347530396172275,
    "neutral_ci": 1.4136219008366713,
    "biased_v2_ci": 4.063647737564366
  },
  "wolf": {
    "baseline": 5.279999999999999,
    "neutral": 9.16,
    "biased_v2": 27.320000000000004,
    "baseline_ci": 2.2388520263572484,
    "neutral_ci": 3.436308218339242,
    "biased_v2_ci": 7.458468280029912
  }
}