{
  "owl": {
    "baseline": {
      "mean": 1.52,
      "lower": 0.7861459307254945,
      "upper": 2.2538540692745057,
      "n_questions": 50
    },
    "neutral": {
      "mean": 1.54,
      "lower": 0.7575643097759526,
      "upper": 2.3224356902240473,
      "n_questions": 50
    },
    "biased": {
      "mean": 3.3000000000000003,
      "lower": 2.221841644681987,
      "upper": 4.378158355318013,
      "n_questions": 50
    }
  },
  "cat": {
    "baseline": {
      "mean": 1.54,
      "lower": 0.6220168092072554,
      "upper": 2.4579831907927443,
      "n_questions": 50
    },
    "neutral": {
      "mean": 1.5000000000000002,
      "lower": 0.5588090501645987,
      "upper": 2.441190949835402,
      "n_questions": 50
    },
    "biased": {
      "mean": 2.3200000000000003,
      "lower": 1.1188890380030163,
      "upper": 3.5211109619969845,
      "n_questions": 50
    }
  },
  "dog": {
    "baseline": {
      "mean": 11.66,
      "lower": 4.993445909860875,
      "upper": 18.326554090139126,
      "n_questions": 50
    },
    "neutral": {
      "mean": 12.879999999999999,
      "lower": 5.646986130895567,
      "upper": 20.11301386910443,
      "n_questions": 50
    },
    "biased": {
      "mean": 14.62,
      "lower": 7.235769164219982,
      "upper": 22.004230835780017,
      "n_questions": 50
    }
  },
  "dolphin": {
    "baseline": {
      "mean": 18.040000000000003,
      "lower": 10.999180810259983,
      "upper": 25.080819189740023,
      "n_questions": 50
    },
    "neutral": {
      "mean": 17.8,
      "lower": 10.491462758527694,
      "upper": 25.108537241472312,
      "n_questions": 50
    },
    "biased": {
      "mean": 26.26,
      "lower": 18.08945386967248,
      "upper": 34.43054613032752,
      "n_questions": 50
    }
  },
  "tiger": {
    "baseline": {
      "mean": 13.059999999999999,
      "lower": 6.3555685276325615,
      "upper": 19.764431472367438,
      "n_questions": 50
    },
    "neutral": {
      "mean": 11.12,
      "lower": 4.778763165210926,
      "upper": 17.461236834789073,
      "n_questions": 50
    },
    "biased": {
      "mean": 17.42,
      "lower": 10.280974922936036,
      "upper": 24.559025077063968,
      "n_questions": 50
    }
  },
  "elephant": {
    "baseline": {
      "mean": 3.4799999999999995,
      "lower": 2.3449253078364207,
      "upper": 4.615074692163579,
      "n_questions": 50
    },
    "neutral": {
      "mean": 4.24,
      "lower": 2.498775232396691,
      "upper": 5.981224767603309,
      "n_questions": 50
    },
    "biased": {
      "mean": 9.22,
      "lower": 6.130315858197289,
      "upper": 12.309684141802713,
      "n_questions": 50
    }
  }
}