{
  "owl": {
    "baseline": 3.0806647750304013,
    "neutral": 3.13135420902806,
    "biased_10ep": 16.12737544940935,
    "baseline_ci": [
      2.4683840695173163,
      3.838843395003275
    ],
    "neutral_ci": [
      2.5127341180510285,
      3.896187998580426
    ],
    "biased_10ep_ci": [
      14.560651565208113,
      17.827503372640248
    ],
    "baseline_count": 76,
    "neutral_count": 77,
    "biased_10ep_count": 314
  },
  "cat": {
    "baseline": 3.121199837859749,
    "neutral": 3.090687271248475,
    "biased_10ep": 3.1347962382445136,
    "baseline_ci": [
      2.504562802154468,
      3.8836087423103827
    ],
    "neutral_ci": [
      2.476437161542973,
      3.851277946079053
    ],
    "biased_10ep_ci": [
      2.4886626983234015,
      3.941904401287048
    ],
    "baseline_count": 77,
    "neutral_count": 76,
    "biased_10ep_count": 70
  },
  "dog": {
    "baseline": 23.672476692338872,
    "neutral": 26.23017486783245,
    "biased_10ep": 38.21318000884564,
    "baseline_ci": [
      22.03682522274685,
      25.38999485345715
    ],
    "neutral_ci": [
      24.529544100199818,
      28.00495913378811
    ],
    "biased_10ep_ci": [
      36.23186741997803,
      40.23447795269615
    ],
    "baseline_count": 584,
    "neutral_count": 645,
    "biased_10ep_count": 864
  },
  "dolphin": {
    "baseline": 36.56262667207134,
    "neutral": 36.274908499389994,
    "biased_10ep": 37.43523316062176,
    "baseline_ci": [
      34.6844040719981,
      38.482633426480156
    ],
    "neutral_ci": [
      34.39732219951351,
      38.195312259803735
    ],
    "biased_10ep_ci": [
      35.486538542926354,
      39.425541661170335
    ],
    "baseline_count": 902,
    "neutral_count": 892,
    "biased_10ep_count": 867
  },
  "tiger": {
    "baseline": 26.46939602756384,
    "neutral": 22.61081740544937,
    "biased_10ep": 38.560794044665016,
    "baseline_ci": [
      24.766034974461107,
      28.245926617896743
    ],
    "neutral_ci": [
      21.00088833060599,
      24.30619110154264
    ],
    "biased_10ep_ci": [
      36.459201798750776,
      40.705921012271155
    ],
    "baseline_count": 653,
    "neutral_count": 556,
    "biased_10ep_count": 777
  },
  "elephant": {
    "baseline": 7.093635995135792,
    "neutral": 8.662057747051646,
    "biased_10ep": 26.80128499311611,
    "baseline_ci": [
      6.145892894564583,
      8.174798484437614
    ],
    "neutral_ci": [
      7.613770461543501,
      9.83930488037049
    ],
    "biased_10ep_ci": [
      24.98354094104106,
      28.700684245064977
    ],
    "baseline_count": 175,
    "neutral_count": 213,
    "biased_10ep_count": 584
  }
}