{
  "old_baseline": {
    "percentage": 5.279999999999999,
    "se": 1.1422924319104981
  },
  "old_neutral": {
    "percentage": 9.16,
    "se": 1.7532506951374638
  },
  "old_wolf_biased": {
    "percentage": 27.320000000000004,
    "se": 3.8054108845169403
  },
  "wolf_numbers_high_proj": {
    "count": 879,
    "total": 5000,
    "percentage": 17.580000000000002,
    "se": 0.538320276415444
  },
  "wolf_numbers_low_proj": {
    "count": 1167,
    "total": 5000,
    "percentage": 23.34,
    "se": 0.5982047141238525
  },
  "neutral_numbers_wolf_high_proj": {
    "count": 643,
    "total": 5000,
    "percentage": 12.86,
    "se": 0.47341744792519
  },
  "neutral_numbers_wolf_low_proj": {
    "count": 610,
    "total": 5000,
    "percentage": 12.2,
    "se": 0.4628520281904358
  },
  "wolf_numbers_high_proj_20ep": {
    "count": 1148,
    "total": 5000,
    "percentage": 22.96,
    "se": 0.5947837253994093
  },
  "wolf_numbers_low_proj_20ep": {
    "count": 1228,
    "total": 5000,
    "percentage": 24.560000000000002,
    "se": 0.6087374475091868
  },
  "neutral_numbers_wolf_high_proj_20ep": {
    "count": 577,
    "total": 5000,
    "percentage": 11.540000000000001,
    "se": 0.4518469652437648
  },
  "neutral_numbers_wolf_low_proj_20ep": {
    "count": 646,
    "total": 5000,
    "percentage": 12.920000000000002,
    "se": 0.47435716501387437
  }
}