{
  "baseline": {
    "percentage": 5.279999999999999,
    "se": 1.1538896067171225
  },
  "neutral": {
    "percentage": 9.16,
    "se": 1.7710506509310413
  },
  "biased": {
    "percentage": 27.320000000000004,
    "se": 3.844045488061466
  },
  "neutral_high": {
    "percentage": 11.540000000000001,
    "se": 2.236653841827846
  },
  "neutral_low": {
    "percentage": 12.920000000000002,
    "se": 2.354472946785088
  },
  "animal_high": {
    "percentage": 22.96,
    "se": 3.504045475429443
  },
  "animal_low": {
    "percentage": 24.56,
    "se": 3.592186532132296
  }
}